dosya,gercekmi
T_1000001.wav,1
T_1000002.wav,1
T_1000003.wav,1
T_1000004.wav,1
T_1000005.wav,1
T_1000006.wav,1
T_1000007.wav,1
T_1000008.wav,1
T_1000009.wav,1
T_1000010.wav,1
T_1000011.wav,1
T_1000012.wav,1
T_1000013.wav,1
T_1000014.wav,1
T_1000015.wav,1
T_1000016.wav,1
T_1000017.wav,1
T_1000018.wav,1
T_1000019.wav,1
T_1000020.wav,1
T_1000021.wav,1
T_1000022.wav,1
T_1000023.wav,1
T_1000024.wav,1
T_1000025.wav,1
T_1000026.wav,1
T_1000027.wav,1
T_1000028.wav,1
T_1000029.wav,1
T_1000030.wav,1
T_1000031.wav,1
T_1000032.wav,1
T_1000033.wav,1
T_1000034.wav,1
T_1000035.wav,1
T_1000036.wav,1
T_1000037.wav,1
T_1000038.wav,1
T_1000039.wav,1
T_1000040.wav,1
T_1000041.wav,1
T_1000042.wav,1
T_1000043.wav,1
T_1000044.wav,1
T_1000045.wav,1
T_1000046.wav,1
T_1000047.wav,1
T_1000048.wav,1
T_1000049.wav,1
T_1000050.wav,1
T_1000051.wav,1
T_1000052.wav,1
T_1000053.wav,1
T_1000054.wav,1
T_1000055.wav,1
T_1000056.wav,1
T_1000057.wav,1
T_1000058.wav,1
T_1000059.wav,1
T_1000060.wav,1
T_1000061.wav,1
T_1000062.wav,1
T_1000063.wav,1
T_1000064.wav,1
T_1000065.wav,1
T_1000066.wav,1
T_1000067.wav,1
T_1000068.wav,1
T_1000069.wav,1
T_1000070.wav,1
T_1000071.wav,1
T_1000072.wav,1
T_1000073.wav,1
T_1000074.wav,1
T_1000075.wav,1
T_1000076.wav,1
T_1000077.wav,1
T_1000078.wav,1
T_1000079.wav,1
T_1000080.wav,1
T_1000081.wav,1
T_1000082.wav,1
T_1000083.wav,1
T_1000084.wav,1
T_1000085.wav,1
T_1000086.wav,1
T_1000087.wav,1
T_1000088.wav,1
T_1000089.wav,1
T_1000090.wav,1
T_1000091.wav,1
T_1000092.wav,1
T_1000093.wav,1
T_1000094.wav,1
T_1000095.wav,1
T_1000096.wav,1
T_1000097.wav,1
T_1000098.wav,1
T_1000099.wav,1
T_1000100.wav,1
T_1000101.wav,1
T_1000102.wav,1
T_1000103.wav,1
T_1000104.wav,1
T_1000105.wav,1
T_1000106.wav,1
T_1000107.wav,1
T_1000108.wav,1
T_1000109.wav,1
T_1000110.wav,1
T_1000111.wav,1
T_1000112.wav,1
T_1000113.wav,1
T_1000114.wav,1
T_1000115.wav,1
T_1000116.wav,1
T_1000117.wav,1
T_1000118.wav,1
T_1000119.wav,1
T_1000120.wav,1
T_1000121.wav,1
T_1000122.wav,1
T_1000123.wav,1
T_1000124.wav,1
T_1000125.wav,1
T_1000126.wav,1
T_1000127.wav,1
T_1000128.wav,1
T_1000129.wav,1
T_1000130.wav,1
T_1000131.wav,1
T_1000132.wav,1
T_1000133.wav,1
T_1000134.wav,1
T_1000135.wav,1
T_1000136.wav,1
T_1000137.wav,1
T_1000138.wav,1
T_1000139.wav,1
T_1000140.wav,1
T_1000141.wav,1
T_1000142.wav,1
T_1000143.wav,1
T_1000144.wav,1
T_1000145.wav,1
T_1000146.wav,1
T_1000147.wav,1
T_1000148.wav,1
T_1000149.wav,1
T_1000151.wav,1
T_1000152.wav,1
T_1000153.wav,1
T_1000154.wav,1
T_1000155.wav,1
T_1000156.wav,1
T_1000157.wav,1
T_1000158.wav,1
T_1000159.wav,1
T_1000160.wav,1
T_1000161.wav,1
T_1000162.wav,1
T_1000163.wav,1
T_1000164.wav,1
T_1000165.wav,1
T_1000166.wav,1
T_1000167.wav,1
T_1000168.wav,1
T_1000169.wav,1
T_1000170.wav,1
T_1000171.wav,1
T_1000172.wav,1
T_1000173.wav,1
T_1000174.wav,1
T_1000175.wav,1
T_1000176.wav,1
T_1000177.wav,1
T_1000178.wav,1
T_1000179.wav,1
T_1000180.wav,1
T_1000181.wav,1
T_1000182.wav,1
T_1000183.wav,1
T_1000184.wav,1
T_1000185.wav,1
T_1000186.wav,1
T_1000187.wav,1
T_1000188.wav,1
T_1000189.wav,1
T_1000190.wav,1
T_1000191.wav,1
T_1000192.wav,1
T_1000193.wav,1
T_1000194.wav,1
T_1000195.wav,1
T_1000196.wav,1
T_1000197.wav,1
T_1000198.wav,1
T_1000199.wav,1
T_1000200.wav,1
T_1000201.wav,1
T_1000202.wav,1
T_1000203.wav,1
T_1000204.wav,1
T_1000205.wav,1
T_1000206.wav,1
T_1000207.wav,1
T_1000208.wav,1
T_1000209.wav,1
T_1000210.wav,1
T_1000211.wav,1
T_1000212.wav,1
T_1000213.wav,1
T_1000214.wav,1
T_1000215.wav,1
T_1000216.wav,1
T_1000217.wav,1
T_1000218.wav,1
T_1000219.wav,1
T_1000220.wav,1
T_1000221.wav,1
T_1000222.wav,1
T_1000223.wav,1
T_1000224.wav,1
T_1000225.wav,1
T_1000226.wav,1
T_1000227.wav,1
T_1000228.wav,1
T_1000229.wav,1
T_1000230.wav,1
T_1000231.wav,1
T_1000232.wav,1
T_1000233.wav,1
T_1000234.wav,1
T_1000235.wav,1
T_1000236.wav,1
T_1000237.wav,1
T_1000238.wav,1
T_1000239.wav,1
T_1000240.wav,1
T_1000241.wav,1
T_1000242.wav,1
T_1000243.wav,1
T_1000244.wav,1
T_1000245.wav,1
T_1000246.wav,1
T_1000247.wav,1
T_1000248.wav,1
T_1000249.wav,1
T_1000250.wav,1
T_1000251.wav,1
T_1000252.wav,1
T_1000253.wav,1
T_1000254.wav,1
T_1000255.wav,1
T_1000256.wav,1
T_1000257.wav,1
T_1000258.wav,1
T_1000259.wav,1
T_1000260.wav,1
T_1000261.wav,1
T_1000262.wav,1
T_1000263.wav,1
T_1000264.wav,1
T_1000265.wav,1
T_1000266.wav,1
T_1000267.wav,1
T_1000268.wav,1
T_1000269.wav,1
T_1000270.wav,1
T_1000271.wav,1
T_1000272.wav,1
T_1000273.wav,1
T_1000274.wav,1
T_1000275.wav,1
T_1000276.wav,1
T_1000277.wav,1
T_1000278.wav,1
T_1000279.wav,1
T_1000280.wav,1
T_1000281.wav,1
T_1000282.wav,1
T_1000283.wav,1
T_1000284.wav,1
T_1000285.wav,1
T_1000286.wav,1
T_1000287.wav,1
T_1000288.wav,1
T_1000289.wav,1
T_1000290.wav,1
T_1000291.wav,1
T_1000292.wav,1
T_1000293.wav,1
T_1000294.wav,1
T_1000295.wav,1
T_1000296.wav,1
T_1000297.wav,1
T_1000298.wav,1
T_1000299.wav,1
T_1000300.wav,1
T_1000301.wav,1
T_1000302.wav,1
T_1000303.wav,1
T_1000304.wav,1
T_1000305.wav,1
T_1000306.wav,1
T_1000307.wav,1
T_1000308.wav,1
T_1000309.wav,1
T_1000310.wav,1
T_1000311.wav,1
T_1000312.wav,1
T_1000313.wav,1
T_1000314.wav,1
T_1000315.wav,1
T_1000316.wav,1
T_1000317.wav,1
T_1000318.wav,1
T_1000319.wav,1
T_1000320.wav,1
T_1000321.wav,1
T_1000322.wav,1
T_1000323.wav,1
T_1000324.wav,1
T_1000325.wav,1
T_1000326.wav,1
T_1000327.wav,1
T_1000328.wav,1
T_1000329.wav,1
T_1000330.wav,1
T_1000331.wav,1
T_1000332.wav,1
T_1000333.wav,1
T_1000334.wav,1
T_1000335.wav,1
T_1000336.wav,1
T_1000337.wav,1
T_1000338.wav,1
T_1000339.wav,1
T_1000340.wav,1
T_1000341.wav,1
T_1000342.wav,1
T_1000343.wav,1
T_1000344.wav,1
T_1000345.wav,1
T_1000346.wav,1
T_1000347.wav,1
T_1000348.wav,1
T_1000349.wav,1
T_1000350.wav,1
T_1000351.wav,1
T_1000352.wav,1
T_1000353.wav,1
T_1000354.wav,1
T_1000355.wav,1
T_1000356.wav,1
T_1000357.wav,1
T_1000358.wav,1
T_1000359.wav,1
T_1000360.wav,1
T_1000361.wav,1
T_1000362.wav,1
T_1000363.wav,1
T_1000364.wav,1
T_1000365.wav,1
T_1000366.wav,1
T_1000367.wav,1
T_1000368.wav,1
T_1000369.wav,1
T_1000370.wav,1
T_1000371.wav,1
T_1000372.wav,1
T_1000373.wav,1
T_1000374.wav,1
T_1000375.wav,1
T_1000376.wav,1
T_1000377.wav,1
T_1000378.wav,1
T_1000379.wav,1
T_1000380.wav,1
T_1000381.wav,1
T_1000382.wav,1
T_1000383.wav,1
T_1000384.wav,1
T_1000385.wav,1
T_1000386.wav,1
T_1000387.wav,1
T_1000388.wav,1
T_1000389.wav,1
T_1000390.wav,1
T_1000391.wav,1
T_1000392.wav,1
T_1000393.wav,1
T_1000394.wav,1
T_1000395.wav,1
T_1000396.wav,1
T_1000397.wav,1
T_1000398.wav,1
T_1000399.wav,1
T_1000400.wav,1
T_1000401.wav,1
T_1000402.wav,1
T_1000403.wav,1
T_1000404.wav,1
T_1000405.wav,1
T_1000406.wav,1
T_1000407.wav,1
T_1000408.wav,1
T_1000409.wav,1
T_1000410.wav,1
T_1000411.wav,1
T_1000412.wav,1
T_1000413.wav,1
T_1000414.wav,1
T_1000415.wav,1
T_1000416.wav,1
T_1000417.wav,1
T_1000418.wav,1
T_1000419.wav,1
T_1000420.wav,1
T_1000421.wav,1
T_1000422.wav,1
T_1000423.wav,1
T_1000424.wav,1
T_1000425.wav,1
T_1000426.wav,1
T_1000427.wav,1
T_1000428.wav,1
T_1000429.wav,1
T_1000430.wav,1
T_1000431.wav,1
T_1000432.wav,1
T_1000433.wav,1
T_1000434.wav,1
T_1000435.wav,1
T_1000436.wav,1
T_1000437.wav,1
T_1000438.wav,1
T_1000439.wav,1
T_1000440.wav,1
T_1000441.wav,1
T_1000442.wav,1
T_1000443.wav,1
T_1000444.wav,1
T_1000445.wav,1
T_1000446.wav,1
T_1000447.wav,1
T_1000448.wav,1
T_1000449.wav,1
T_1000450.wav,1
T_1000451.wav,1
T_1000452.wav,1
T_1000453.wav,1
T_1000454.wav,1
T_1000455.wav,1
T_1000456.wav,1
T_1000457.wav,1
T_1000458.wav,1
T_1000459.wav,1
T_1000460.wav,1
T_1000461.wav,1
T_1000462.wav,1
T_1000463.wav,1
T_1000464.wav,1
T_1000465.wav,1
T_1000466.wav,1
T_1000467.wav,1
T_1000468.wav,1
T_1000469.wav,1
T_1000470.wav,1
T_1000471.wav,1
T_1000472.wav,1
T_1000473.wav,1
T_1000474.wav,1
T_1000475.wav,1
T_1000476.wav,1
T_1000477.wav,1
T_1000478.wav,1
T_1000479.wav,1
T_1000480.wav,1
T_1000481.wav,1
T_1000482.wav,1
T_1000483.wav,1
T_1000484.wav,1
T_1000485.wav,1
T_1000486.wav,1
T_1000487.wav,1
T_1000488.wav,1
T_1000489.wav,1
T_1000490.wav,1
T_1000491.wav,1
T_1000492.wav,1
T_1000493.wav,1
T_1000494.wav,1
T_1000495.wav,1
T_1000496.wav,1
T_1000497.wav,1
T_1000498.wav,1
T_1000499.wav,1
T_1000500.wav,1
T_1000501.wav,1
T_1000502.wav,1
T_1000503.wav,1
T_1000504.wav,1
T_1000505.wav,1
T_1000506.wav,1
T_1000507.wav,1
T_1000508.wav,1
T_1000509.wav,1
T_1000510.wav,1
T_1000511.wav,1
T_1000512.wav,1
T_1000513.wav,1
T_1000514.wav,1
T_1000515.wav,1
T_1000516.wav,1
T_1000517.wav,1
T_1000518.wav,1
T_1000519.wav,1
T_1000520.wav,1
T_1000521.wav,1
T_1000522.wav,1
T_1000523.wav,1
T_1000524.wav,1
T_1000525.wav,1
T_1000526.wav,1
T_1000527.wav,1
T_1000528.wav,1
T_1000529.wav,1
T_1000530.wav,1
T_1000531.wav,1
T_1000532.wav,1
T_1000533.wav,1
T_1000534.wav,1
T_1000535.wav,1
T_1000536.wav,1
T_1000537.wav,1
T_1000538.wav,1
T_1000539.wav,1
T_1000540.wav,1
T_1000541.wav,1
T_1000542.wav,1
T_1000543.wav,1
T_1000544.wav,1
T_1000545.wav,1
T_1000546.wav,1
T_1000547.wav,1
T_1000548.wav,1
T_1000549.wav,1
T_1000550.wav,1
T_1000551.wav,1
T_1000552.wav,1
T_1000553.wav,1
T_1000554.wav,1
T_1000555.wav,1
T_1000556.wav,1
T_1000557.wav,1
T_1000558.wav,1
T_1000559.wav,1
T_1000560.wav,1
T_1000561.wav,1
T_1000562.wav,1
T_1000563.wav,1
T_1000564.wav,1
T_1000565.wav,1
T_1000566.wav,1
T_1000567.wav,1
T_1000568.wav,1
T_1000569.wav,1
T_1000570.wav,1
T_1000571.wav,1
T_1000572.wav,1
T_1000573.wav,1
T_1000574.wav,1
T_1000575.wav,1
T_1000576.wav,1
T_1000577.wav,1
T_1000578.wav,1
T_1000579.wav,1
T_1000580.wav,1
T_1000581.wav,1
T_1000582.wav,1
T_1000583.wav,1
T_1000584.wav,1
T_1000585.wav,1
T_1000586.wav,1
T_1000587.wav,1
T_1000588.wav,1
T_1000589.wav,1
T_1000590.wav,1
T_1000591.wav,1
T_1000592.wav,1
T_1000593.wav,1
T_1000594.wav,1
T_1000595.wav,1
T_1000596.wav,1
T_1000597.wav,1
T_1000598.wav,1
T_1000599.wav,1
T_1000600.wav,1
T_1000601.wav,1
T_1000602.wav,1
T_1000603.wav,1
T_1000604.wav,1
T_1000605.wav,1
T_1000606.wav,1
T_1000607.wav,1
T_1000608.wav,1
T_1000609.wav,1
T_1000610.wav,1
T_1000611.wav,1
T_1000612.wav,1
T_1000613.wav,1
T_1000614.wav,1
T_1000615.wav,1
T_1000616.wav,1
T_1000617.wav,1
T_1000618.wav,1
T_1000619.wav,1
T_1000620.wav,1
T_1000621.wav,1
T_1000622.wav,1
T_1000623.wav,1
T_1000624.wav,1
T_1000625.wav,1
T_1000626.wav,1
T_1000627.wav,1
T_1000628.wav,1
T_1000629.wav,1
T_1000630.wav,1
T_1000631.wav,1
T_1000632.wav,1
T_1000633.wav,1
T_1000634.wav,1
T_1000635.wav,1
T_1000636.wav,1
T_1000637.wav,1
T_1000638.wav,1
T_1000639.wav,1
T_1000640.wav,1
T_1000641.wav,1
T_1000642.wav,1
T_1000643.wav,1
T_1000644.wav,1
T_1000645.wav,1
T_1000646.wav,1
T_1000647.wav,1
T_1000648.wav,1
T_1000649.wav,1
T_1000650.wav,1
T_1000651.wav,1
T_1000652.wav,1
T_1000653.wav,1
T_1000654.wav,1
T_1000655.wav,1
T_1000656.wav,1
T_1000657.wav,1
T_1000658.wav,1
T_1000659.wav,1
T_1000660.wav,1
T_1000661.wav,1
T_1000662.wav,1
T_1000663.wav,1
T_1000664.wav,1
T_1000665.wav,1
T_1000666.wav,1
T_1000667.wav,1
T_1000668.wav,1
T_1000669.wav,1
T_1000670.wav,1
T_1000671.wav,1
T_1000672.wav,1
T_1000673.wav,1
T_1000674.wav,1
T_1000675.wav,1
T_1000676.wav,1
T_1000677.wav,1
T_1000678.wav,1
T_1000679.wav,1
T_1000680.wav,1
T_1000681.wav,1
T_1000682.wav,1
T_1000683.wav,1
T_1000684.wav,1
T_1000685.wav,1
T_1000686.wav,1
T_1000687.wav,1
T_1000688.wav,1
T_1000689.wav,1
T_1000690.wav,1
T_1000691.wav,1
T_1000692.wav,1
T_1000693.wav,1
T_1000694.wav,1
T_1000695.wav,1
T_1000696.wav,1
T_1000697.wav,1
T_1000698.wav,1
T_1000699.wav,1
T_1000700.wav,1
T_1000701.wav,1
T_1000702.wav,1
T_1000703.wav,1
T_1000704.wav,1
T_1000705.wav,1
T_1000706.wav,1
T_1000707.wav,1
T_1000708.wav,1
T_1000709.wav,1
T_1000710.wav,1
T_1000711.wav,1
T_1000712.wav,1
T_1000713.wav,1
T_1000714.wav,1
T_1000715.wav,1
T_1000716.wav,1
T_1000717.wav,1
T_1000718.wav,1
T_1000719.wav,1
T_1000720.wav,1
T_1000721.wav,1
T_1000722.wav,1
T_1000723.wav,1
T_1000724.wav,1
T_1000725.wav,1
T_1000726.wav,1
T_1000727.wav,1
T_1000728.wav,1
T_1000729.wav,1
T_1000730.wav,1
T_1000731.wav,1
T_1000732.wav,1
T_1000733.wav,1
T_1000734.wav,1
T_1000735.wav,1
T_1000736.wav,1
T_1000737.wav,1
T_1000738.wav,1
T_1000739.wav,1
T_1000740.wav,1
T_1000741.wav,1
T_1000742.wav,1
T_1000743.wav,1
T_1000744.wav,1
T_1000745.wav,1
T_1000746.wav,1
T_1000747.wav,1
T_1000748.wav,1
T_1000749.wav,1
T_1000750.wav,1
T_1000751.wav,1
T_1000752.wav,1
T_1000753.wav,1
T_1000754.wav,1
T_1000755.wav,1
T_1000756.wav,1
T_1000757.wav,1
T_1000758.wav,1
T_1000759.wav,1
T_1000760.wav,1
T_1000761.wav,1
T_1000762.wav,1
T_1000763.wav,1
T_1000764.wav,1
T_1000765.wav,1
T_1000766.wav,1
T_1000767.wav,1
T_1000768.wav,1
T_1000769.wav,1
T_1000770.wav,1
T_1000771.wav,1
T_1000772.wav,1
T_1000773.wav,1
T_1000774.wav,1
T_1000775.wav,1
T_1000776.wav,1
T_1000777.wav,1
T_1000778.wav,1
T_1000779.wav,1
T_1000780.wav,1
T_1000781.wav,1
T_1000782.wav,1
T_1000783.wav,1
T_1000784.wav,1
T_1000785.wav,1
T_1000786.wav,1
T_1000787.wav,1
T_1000788.wav,1
T_1000789.wav,1
T_1000790.wav,1
T_1000791.wav,1
T_1000792.wav,1
T_1000793.wav,1
T_1000794.wav,1
T_1000795.wav,1
T_1000796.wav,1
T_1000797.wav,1
T_1000798.wav,1
T_1000799.wav,1
T_1000800.wav,1
T_1000801.wav,1
T_1000802.wav,1
T_1000803.wav,1
T_1000804.wav,1
T_1000805.wav,1
T_1000806.wav,1
T_1000807.wav,1
T_1000808.wav,1
T_1000809.wav,1
T_1000810.wav,1
T_1000811.wav,1
T_1000812.wav,1
T_1000813.wav,1
T_1000814.wav,1
T_1000815.wav,1
T_1000816.wav,1
T_1000817.wav,1
T_1000818.wav,1
T_1000819.wav,1
T_1000820.wav,1
T_1000821.wav,1
T_1000822.wav,1
T_1000823.wav,1
T_1000824.wav,1
T_1000825.wav,1
T_1000826.wav,1
T_1000827.wav,1
T_1000828.wav,1
T_1000829.wav,1
T_1000830.wav,1
T_1000831.wav,1
T_1000832.wav,1
T_1000833.wav,1
T_1000834.wav,1
T_1000835.wav,1
T_1000836.wav,1
T_1000837.wav,1
T_1000838.wav,1
T_1000839.wav,1
T_1000840.wav,1
T_1000841.wav,1
T_1000842.wav,1
T_1000843.wav,1
T_1000844.wav,1
T_1000845.wav,1
T_1000846.wav,1
T_1000847.wav,1
T_1000848.wav,1
T_1000849.wav,1
T_1000850.wav,1
T_1000851.wav,1
T_1000852.wav,1
T_1000853.wav,1
T_1000854.wav,1
T_1000855.wav,1
T_1000856.wav,1
T_1000857.wav,1
T_1000858.wav,1
T_1000859.wav,1
T_1000860.wav,1
T_1000861.wav,1
T_1000862.wav,1
T_1000863.wav,1
T_1000864.wav,1
T_1000865.wav,1
T_1000866.wav,1
T_1000867.wav,1
T_1000868.wav,1
T_1000869.wav,1
T_1000870.wav,1
T_1000871.wav,1
T_1000872.wav,1
T_1000873.wav,1
T_1000874.wav,1
T_1000875.wav,1
T_1000876.wav,1
T_1000877.wav,1
T_1000878.wav,1
T_1000879.wav,1
T_1000880.wav,1
T_1000881.wav,1
T_1000882.wav,1
T_1000883.wav,1
T_1000884.wav,1
T_1000885.wav,1
T_1000886.wav,1
T_1000887.wav,1
T_1000888.wav,1
T_1000889.wav,1
T_1000890.wav,1
T_1000891.wav,1
T_1000892.wav,1
T_1000893.wav,1
T_1000894.wav,1
T_1000895.wav,1
T_1000896.wav,1
T_1000897.wav,1
T_1000898.wav,1
T_1000899.wav,1
T_1000900.wav,1
T_1000901.wav,1
T_1000902.wav,1
T_1000903.wav,1
T_1000904.wav,1
T_1000905.wav,1
T_1000906.wav,1
T_1000907.wav,1
T_1000908.wav,1
T_1000909.wav,1
T_1000910.wav,1
T_1000911.wav,1
T_1000912.wav,1
T_1000913.wav,1
T_1000914.wav,1
T_1000915.wav,1
T_1000916.wav,1
T_1000917.wav,1
T_1000918.wav,1
T_1000919.wav,1
T_1000920.wav,1
T_1000921.wav,1
T_1000922.wav,1
T_1000923.wav,1
T_1000924.wav,1
T_1000925.wav,1
T_1000926.wav,1
T_1000927.wav,1
T_1000928.wav,1
T_1000929.wav,1
T_1000930.wav,1
T_1000931.wav,1
T_1000932.wav,1
T_1000933.wav,1
T_1000934.wav,1
T_1000935.wav,1
T_1000936.wav,1
T_1000937.wav,1
T_1000938.wav,1
T_1000939.wav,1
T_1000940.wav,1
T_1000941.wav,1
T_1000942.wav,1
T_1000943.wav,1
T_1000944.wav,1
T_1000945.wav,1
T_1000946.wav,1
T_1000947.wav,1
T_1000948.wav,1
T_1000949.wav,1
T_1000950.wav,1
T_1000951.wav,1
T_1000952.wav,1
T_1000953.wav,1
T_1000954.wav,1
T_1000955.wav,1
T_1000956.wav,1
T_1000957.wav,1
T_1000958.wav,1
T_1000959.wav,1
T_1000960.wav,1
T_1000961.wav,1
T_1000962.wav,1
T_1000963.wav,1
T_1000964.wav,1
T_1000965.wav,1
T_1000966.wav,1
T_1000967.wav,1
T_1000968.wav,1
T_1000969.wav,1
T_1000970.wav,1
T_1000971.wav,1
T_1000972.wav,1
T_1000973.wav,1
T_1000974.wav,1
T_1000975.wav,1
T_1000976.wav,1
T_1000977.wav,1
T_1000978.wav,1
T_1000979.wav,1
T_1000980.wav,1
T_1000981.wav,1
T_1000982.wav,1
T_1000983.wav,1
T_1000984.wav,1
T_1000985.wav,1
T_1000986.wav,1
T_1000987.wav,1
T_1000988.wav,1
T_1000989.wav,1
T_1000990.wav,1
T_1000991.wav,1
T_1000992.wav,1
T_1000993.wav,1
T_1000994.wav,1
T_1000995.wav,1
T_1000996.wav,1
T_1000997.wav,1
T_1000998.wav,1
T_1000999.wav,1
T_1001000.wav,1
T_1001001.wav,1
T_1001002.wav,1
T_1001003.wav,1
T_1001004.wav,1
T_1001005.wav,1
T_1001006.wav,1
T_1001007.wav,1
T_1001008.wav,1
T_1001009.wav,1
T_1001010.wav,1
T_1001011.wav,1
T_1001012.wav,1
T_1001013.wav,1
T_1001014.wav,1
T_1001015.wav,1
T_1001016.wav,1
T_1001017.wav,1
T_1001018.wav,1
T_1001019.wav,1
T_1001020.wav,1
T_1001021.wav,1
T_1001022.wav,1
T_1001023.wav,1
T_1001024.wav,1
T_1001025.wav,1
T_1001026.wav,1
T_1001027.wav,1
T_1001028.wav,1
T_1001029.wav,1
T_1001030.wav,1
T_1001031.wav,1
T_1001032.wav,1
T_1001033.wav,1
T_1001034.wav,1
T_1001035.wav,1
T_1001036.wav,1
T_1001037.wav,1
T_1001038.wav,1
T_1001039.wav,1
T_1001040.wav,1
T_1001041.wav,1
T_1001042.wav,1
T_1001043.wav,1
T_1001044.wav,1
T_1001045.wav,1
T_1001046.wav,1
T_1001047.wav,1
T_1001048.wav,1
T_1001049.wav,1
T_1001050.wav,1
T_1001051.wav,1
T_1001052.wav,1
T_1001053.wav,1
T_1001054.wav,1
T_1001055.wav,1
T_1001056.wav,1
T_1001057.wav,1
T_1001058.wav,1
T_1001059.wav,1
T_1001060.wav,1
T_1001061.wav,1
T_1001062.wav,1
T_1001063.wav,1
T_1001064.wav,1
T_1001065.wav,1
T_1001066.wav,1
T_1001067.wav,1
T_1001068.wav,1
T_1001069.wav,1
T_1001070.wav,1
T_1001071.wav,1
T_1001072.wav,1
T_1001073.wav,1
T_1001074.wav,1
T_1001075.wav,1
T_1001076.wav,1
T_1001077.wav,1
T_1001078.wav,1
T_1001079.wav,1
T_1001080.wav,1
T_1001081.wav,1
T_1001082.wav,1
T_1001083.wav,1
T_1001084.wav,1
T_1001085.wav,1
T_1001086.wav,1
T_1001087.wav,1
T_1001088.wav,1
T_1001089.wav,1
T_1001090.wav,1
T_1001091.wav,1
T_1001092.wav,1
T_1001093.wav,1
T_1001094.wav,1
T_1001095.wav,1
T_1001096.wav,1
T_1001097.wav,1
T_1001098.wav,1
T_1001099.wav,1
T_1001100.wav,1
T_1001101.wav,1
T_1001102.wav,1
T_1001103.wav,1
T_1001104.wav,1
T_1001105.wav,1
T_1001106.wav,1
T_1001107.wav,1
T_1001108.wav,1
T_1001109.wav,1
T_1001110.wav,1
T_1001111.wav,1
T_1001112.wav,1
T_1001113.wav,1
T_1001114.wav,1
T_1001115.wav,1
T_1001116.wav,1
T_1001117.wav,1
T_1001118.wav,1
T_1001119.wav,1
T_1001120.wav,1
T_1001121.wav,1
T_1001122.wav,1
T_1001123.wav,1
T_1001124.wav,1
T_1001125.wav,1
T_1001126.wav,1
T_1001127.wav,1
T_1001128.wav,1
T_1001129.wav,1
T_1001130.wav,1
T_1001131.wav,1
T_1001132.wav,1
T_1001133.wav,1
T_1001134.wav,1
T_1001135.wav,1
T_1001136.wav,1
T_1001137.wav,1
T_1001138.wav,1
T_1001139.wav,1
T_1001140.wav,1
T_1001141.wav,1
T_1001142.wav,1
T_1001143.wav,1
T_1001144.wav,1
T_1001145.wav,1
T_1001146.wav,1
T_1001147.wav,1
T_1001148.wav,1
T_1001149.wav,1
T_1001150.wav,1
T_1001151.wav,1
T_1001152.wav,1
T_1001153.wav,1
T_1001154.wav,1
T_1001155.wav,1
T_1001156.wav,1
T_1001157.wav,1
T_1001158.wav,1
T_1001159.wav,1
T_1001160.wav,1
T_1001161.wav,1
T_1001162.wav,1
T_1001163.wav,1
T_1001164.wav,1
T_1001165.wav,1
T_1001166.wav,1
T_1001167.wav,1
T_1001168.wav,1
T_1001169.wav,1
T_1001170.wav,1
T_1001171.wav,1
T_1001172.wav,1
T_1001173.wav,1
T_1001174.wav,1
T_1001175.wav,1
T_1001176.wav,1
T_1001177.wav,1
T_1001178.wav,1
T_1001179.wav,1
T_1001180.wav,1
T_1001181.wav,1
T_1001182.wav,1
T_1001183.wav,1
T_1001184.wav,1
T_1001185.wav,1
T_1001186.wav,1
T_1001187.wav,1
T_1001188.wav,1
T_1001189.wav,1
T_1001190.wav,1
T_1001191.wav,1
T_1001192.wav,1
T_1001193.wav,1
T_1001194.wav,1
T_1001195.wav,1
T_1001196.wav,1
T_1001197.wav,1
T_1001198.wav,1
T_1001199.wav,1
T_1001200.wav,1
T_1001201.wav,1
T_1001202.wav,1
T_1001203.wav,1
T_1001204.wav,1
T_1001205.wav,1
T_1001206.wav,1
T_1001207.wav,1
T_1001208.wav,1
T_1001209.wav,1
T_1001210.wav,1
T_1001211.wav,1
T_1001212.wav,1
T_1001213.wav,1
T_1001214.wav,1
T_1001215.wav,1
T_1001216.wav,1
T_1001217.wav,1
T_1001218.wav,1
T_1001219.wav,1
T_1001220.wav,1
T_1001221.wav,1
T_1001222.wav,1
T_1001223.wav,1
T_1001224.wav,1
T_1001225.wav,1
T_1001226.wav,1
T_1001227.wav,1
T_1001228.wav,1
T_1001229.wav,1
T_1001230.wav,1
T_1001231.wav,1
T_1001232.wav,1
T_1001233.wav,1
T_1001234.wav,1
T_1001235.wav,1
T_1001236.wav,1
T_1001237.wav,1
T_1001238.wav,1
T_1001239.wav,1
T_1001240.wav,1
T_1001241.wav,1
T_1001242.wav,1
T_1001243.wav,1
T_1001244.wav,1
T_1001245.wav,1
T_1001246.wav,1
T_1001247.wav,1
T_1001248.wav,1
T_1001249.wav,1
T_1001250.wav,1
T_1001251.wav,1
T_1001252.wav,1
T_1001253.wav,1
T_1001254.wav,1
T_1001255.wav,1
T_1001256.wav,1
T_1001257.wav,1
T_1001258.wav,1
T_1001259.wav,1
T_1001260.wav,1
T_1001261.wav,1
T_1001262.wav,1
T_1001263.wav,1
T_1001264.wav,1
T_1001265.wav,1
T_1001266.wav,1
T_1001267.wav,1
T_1001268.wav,1
T_1001269.wav,1
T_1001270.wav,1
T_1001271.wav,1
T_1001272.wav,1
T_1001273.wav,1
T_1001274.wav,1
T_1001275.wav,1
T_1001276.wav,1
T_1001277.wav,1
T_1001278.wav,1
T_1001279.wav,1
T_1001280.wav,1
T_1001281.wav,1
T_1001282.wav,1
T_1001283.wav,1
T_1001284.wav,1
T_1001285.wav,1
T_1001286.wav,1
T_1001287.wav,1
T_1001288.wav,1
T_1001289.wav,1
T_1001290.wav,1
T_1001291.wav,1
T_1001292.wav,1
T_1001293.wav,1
T_1001294.wav,1
T_1001295.wav,1
T_1001296.wav,1
T_1001297.wav,1
T_1001298.wav,1
T_1001299.wav,1
T_1001300.wav,1
T_1001301.wav,1
T_1001302.wav,1
T_1001303.wav,1
T_1001304.wav,1
T_1001305.wav,1
T_1001306.wav,1
T_1001307.wav,1
T_1001308.wav,1
T_1001309.wav,1
T_1001310.wav,1
T_1001311.wav,1
T_1001312.wav,1
T_1001313.wav,1
T_1001314.wav,1
T_1001315.wav,1
T_1001316.wav,1
T_1001317.wav,1
T_1001318.wav,1
T_1001319.wav,1
T_1001320.wav,1
T_1001321.wav,1
T_1001322.wav,1
T_1001323.wav,1
T_1001324.wav,1
T_1001325.wav,1
T_1001326.wav,1
T_1001327.wav,1
T_1001328.wav,1
T_1001329.wav,1
T_1001330.wav,1
T_1001331.wav,1
T_1001332.wav,1
T_1001333.wav,1
T_1001334.wav,1
T_1001335.wav,1
T_1001336.wav,1
T_1001337.wav,1
T_1001338.wav,1
T_1001339.wav,1
T_1001340.wav,1
T_1001341.wav,1
T_1001342.wav,1
T_1001343.wav,1
T_1001344.wav,1
T_1001345.wav,1
T_1001346.wav,1
T_1001347.wav,1
T_1001348.wav,1
T_1001349.wav,1
T_1001350.wav,1
T_1001351.wav,1
T_1001352.wav,1
T_1001353.wav,1
T_1001354.wav,1
T_1001355.wav,1
T_1001356.wav,1
T_1001357.wav,1
T_1001358.wav,1
T_1001359.wav,1
T_1001360.wav,1
T_1001361.wav,1
T_1001362.wav,1
T_1001363.wav,1
T_1001364.wav,1
T_1001365.wav,1
T_1001366.wav,1
T_1001367.wav,1
T_1001368.wav,1
T_1001369.wav,1
T_1001370.wav,1
T_1001371.wav,1
T_1001372.wav,1
T_1001373.wav,1
T_1001374.wav,1
T_1001375.wav,1
T_1001376.wav,1
T_1001377.wav,1
T_1001378.wav,1
T_1001379.wav,1
T_1001380.wav,1
T_1001381.wav,1
T_1001382.wav,1
T_1001383.wav,1
T_1001384.wav,1
T_1001385.wav,1
T_1001386.wav,1
T_1001387.wav,1
T_1001388.wav,1
T_1001389.wav,1
T_1001390.wav,1
T_1001391.wav,1
T_1001392.wav,1
T_1001393.wav,1
T_1001394.wav,1
T_1001395.wav,1
T_1001396.wav,1
T_1001397.wav,1
T_1001398.wav,1
T_1001399.wav,1
T_1001400.wav,1
T_1001401.wav,1
T_1001402.wav,1
T_1001403.wav,1
T_1001404.wav,1
T_1001405.wav,1
T_1001406.wav,1
T_1001407.wav,1
T_1001408.wav,1
T_1001409.wav,1
T_1001410.wav,1
T_1001411.wav,1
T_1001412.wav,1
T_1001413.wav,1
T_1001414.wav,1
T_1001415.wav,1
T_1001416.wav,1
T_1001417.wav,1
T_1001418.wav,1
T_1001419.wav,1
T_1001420.wav,1
T_1001421.wav,1
T_1001422.wav,1
T_1001423.wav,1
T_1001424.wav,1
T_1001425.wav,1
T_1001426.wav,1
T_1001427.wav,1
T_1001428.wav,1
T_1001429.wav,1
T_1001430.wav,1
T_1001431.wav,1
T_1001432.wav,1
T_1001433.wav,1
T_1001434.wav,1
T_1001435.wav,1
T_1001436.wav,1
T_1001437.wav,1
T_1001438.wav,1
T_1001439.wav,1
T_1001440.wav,1
T_1001441.wav,1
T_1001442.wav,1
T_1001443.wav,1
T_1001444.wav,1
T_1001445.wav,1
T_1001446.wav,1
T_1001447.wav,1
T_1001448.wav,1
T_1001449.wav,1
T_1001450.wav,1
T_1001451.wav,1
T_1001452.wav,1
T_1001453.wav,1
T_1001454.wav,1
T_1001455.wav,1
T_1001456.wav,1
T_1001457.wav,1
T_1001458.wav,1
T_1001459.wav,1
T_1001460.wav,1
T_1001461.wav,1
T_1001462.wav,1
T_1001463.wav,1
T_1001464.wav,1
T_1001465.wav,1
T_1001466.wav,1
T_1001467.wav,1
T_1001468.wav,1
T_1001469.wav,1
T_1001470.wav,1
T_1001471.wav,1
T_1001472.wav,1
T_1001473.wav,1
T_1001474.wav,1
T_1001475.wav,1
T_1001476.wav,1
T_1001477.wav,1
T_1001478.wav,1
T_1001479.wav,1
T_1001480.wav,1
T_1001481.wav,1
T_1001482.wav,1
T_1001483.wav,1
T_1001484.wav,1
T_1001485.wav,1
T_1001486.wav,1
T_1001487.wav,1
T_1001488.wav,1
T_1001489.wav,1
T_1001490.wav,1
T_1001491.wav,1
T_1001492.wav,1
T_1001493.wav,1
T_1001494.wav,1
T_1001495.wav,1
T_1001496.wav,1
T_1001497.wav,1
T_1001498.wav,1
T_1001499.wav,1
T_1001500.wav,1
T_1001501.wav,1
T_1001502.wav,1
T_1001503.wav,1
T_1001504.wav,1
T_1001505.wav,1
T_1001506.wav,1
T_1001507.wav,1
T_1001508.wav,1
T_1001509.wav,0
T_1001510.wav,0
T_1001511.wav,0
T_1001512.wav,0
T_1001513.wav,0
T_1001514.wav,0
T_1001515.wav,0
T_1001516.wav,0
T_1001517.wav,0
T_1001518.wav,0
T_1001519.wav,0
T_1001520.wav,0
T_1001521.wav,0
T_1001522.wav,0
T_1001523.wav,0
T_1001524.wav,0
T_1001525.wav,0
T_1001526.wav,0
T_1001527.wav,0
T_1001528.wav,0
T_1001529.wav,0
T_1001530.wav,0
T_1001531.wav,0
T_1001532.wav,0
T_1001533.wav,0
T_1001534.wav,0
T_1001535.wav,0
T_1001536.wav,0
T_1001537.wav,0
T_1001538.wav,0
T_1001539.wav,0
T_1001540.wav,0
T_1001541.wav,0
T_1001542.wav,0
T_1001543.wav,0
T_1001544.wav,0
T_1001545.wav,0
T_1001546.wav,0
T_1001547.wav,0
T_1001548.wav,0
T_1001549.wav,0
T_1001550.wav,0
T_1001551.wav,0
T_1001552.wav,0
T_1001553.wav,0
T_1001554.wav,0
T_1001555.wav,0
T_1001556.wav,0
T_1001557.wav,0
T_1001558.wav,0
T_1001559.wav,0
T_1001560.wav,0
T_1001561.wav,0
T_1001562.wav,0
T_1001563.wav,0
T_1001564.wav,0
T_1001565.wav,0
T_1001566.wav,0
T_1001567.wav,0
T_1001568.wav,0
T_1001569.wav,0
T_1001570.wav,0
T_1001571.wav,0
T_1001572.wav,0
T_1001573.wav,0
T_1001574.wav,0
T_1001575.wav,0
T_1001576.wav,0
T_1001577.wav,0
T_1001578.wav,0
T_1001579.wav,0
T_1001580.wav,0
T_1001581.wav,0
T_1001582.wav,0
T_1001583.wav,0
T_1001584.wav,0
T_1001585.wav,0
T_1001586.wav,0
T_1001587.wav,0
T_1001588.wav,0
T_1001589.wav,0
T_1001590.wav,0
T_1001591.wav,0
T_1001592.wav,0
T_1001593.wav,0
T_1001594.wav,0
T_1001595.wav,0
T_1001596.wav,0
T_1001597.wav,0
T_1001598.wav,0
T_1001599.wav,0
T_1001600.wav,0
T_1001601.wav,0
T_1001602.wav,0
T_1001603.wav,0
T_1001604.wav,0
T_1001605.wav,0
T_1001606.wav,0
T_1001607.wav,0
T_1001608.wav,0
T_1001609.wav,0
T_1001610.wav,0
T_1001611.wav,0
T_1001612.wav,0
T_1001613.wav,0
T_1001614.wav,0
T_1001615.wav,0
T_1001616.wav,0
T_1001617.wav,0
T_1001618.wav,0
T_1001619.wav,0
T_1001620.wav,0
T_1001621.wav,0
T_1001622.wav,0
T_1001623.wav,0
T_1001624.wav,0
T_1001625.wav,0
T_1001626.wav,0
T_1001627.wav,0
T_1001628.wav,0
T_1001629.wav,0
T_1001630.wav,0
T_1001631.wav,0
T_1001632.wav,0
T_1001633.wav,0
T_1001634.wav,0
T_1001635.wav,0
T_1001636.wav,0
T_1001637.wav,0
T_1001638.wav,0
T_1001639.wav,0
T_1001640.wav,0
T_1001641.wav,0
T_1001642.wav,0
T_1001643.wav,0
T_1001644.wav,0
T_1001645.wav,0
T_1001646.wav,0
T_1001647.wav,0
T_1001648.wav,0
T_1001649.wav,0
T_1001650.wav,0
T_1001651.wav,0
T_1001652.wav,0
T_1001653.wav,0
T_1001654.wav,0
T_1001655.wav,0
T_1001656.wav,0
T_1001657.wav,0
T_1001659.wav,0
T_1001660.wav,0
T_1001661.wav,0
T_1001662.wav,0
T_1001663.wav,0
T_1001664.wav,0
T_1001665.wav,0
T_1001666.wav,0
T_1001667.wav,0
T_1001668.wav,0
T_1001669.wav,0
T_1001670.wav,0
T_1001671.wav,0
T_1001672.wav,0
T_1001673.wav,0
T_1001674.wav,0
T_1001675.wav,0
T_1001676.wav,0
T_1001677.wav,0
T_1001678.wav,0
T_1001679.wav,0
T_1001680.wav,0
T_1001681.wav,0
T_1001682.wav,0
T_1001683.wav,0
T_1001684.wav,0
T_1001685.wav,0
T_1001686.wav,0
T_1001687.wav,0
T_1001688.wav,0
T_1001689.wav,0
T_1001690.wav,0
T_1001691.wav,0
T_1001692.wav,0
T_1001693.wav,0
T_1001694.wav,0
T_1001695.wav,0
T_1001696.wav,0
T_1001697.wav,0
T_1001698.wav,0
T_1001699.wav,0
T_1001700.wav,0
T_1001701.wav,0
T_1001702.wav,0
T_1001703.wav,0
T_1001704.wav,0
T_1001705.wav,0
T_1001706.wav,0
T_1001707.wav,0
T_1001708.wav,0
T_1001709.wav,0
T_1001710.wav,0
T_1001711.wav,0
T_1001712.wav,0
T_1001713.wav,0
T_1001714.wav,0
T_1001715.wav,0
T_1001716.wav,0
T_1001717.wav,0
T_1001718.wav,0
T_1001719.wav,0
T_1001720.wav,0
T_1001721.wav,0
T_1001722.wav,0
T_1001723.wav,0
T_1001724.wav,0
T_1001725.wav,0
T_1001726.wav,0
T_1001727.wav,0
T_1001728.wav,0
T_1001729.wav,0
T_1001730.wav,0
T_1001731.wav,0
T_1001732.wav,0
T_1001733.wav,0
T_1001734.wav,0
T_1001735.wav,0
T_1001736.wav,0
T_1001737.wav,0
T_1001738.wav,0
T_1001739.wav,0
T_1001740.wav,0
T_1001741.wav,0
T_1001742.wav,0
T_1001743.wav,0
T_1001744.wav,0
T_1001745.wav,0
T_1001746.wav,0
T_1001747.wav,0
T_1001748.wav,0
T_1001749.wav,0
T_1001750.wav,0
T_1001751.wav,0
T_1001752.wav,0
T_1001753.wav,0
T_1001754.wav,0
T_1001755.wav,0
T_1001756.wav,0
T_1001757.wav,0
T_1001758.wav,0
T_1001759.wav,0
T_1001760.wav,0
T_1001761.wav,0
T_1001762.wav,0
T_1001763.wav,0
T_1001764.wav,0
T_1001765.wav,0
T_1001766.wav,0
T_1001767.wav,0
T_1001768.wav,0
T_1001769.wav,0
T_1001770.wav,0
T_1001771.wav,0
T_1001772.wav,0
T_1001773.wav,0
T_1001774.wav,0
T_1001775.wav,0
T_1001776.wav,0
T_1001777.wav,0
T_1001778.wav,0
T_1001779.wav,0
T_1001780.wav,0
T_1001781.wav,0
T_1001782.wav,0
T_1001783.wav,0
T_1001784.wav,0
T_1001785.wav,0
T_1001786.wav,0
T_1001787.wav,0
T_1001788.wav,0
T_1001789.wav,0
T_1001790.wav,0
T_1001791.wav,0
T_1001792.wav,0
T_1001793.wav,0
T_1001794.wav,0
T_1001795.wav,0
T_1001796.wav,0
T_1001797.wav,0
T_1001798.wav,0
T_1001799.wav,0
T_1001800.wav,0
T_1001801.wav,0
T_1001802.wav,0
T_1001803.wav,0
T_1001804.wav,0
T_1001805.wav,0
T_1001806.wav,0
T_1001807.wav,0
T_1001808.wav,0
T_1001809.wav,0
T_1001810.wav,0
T_1001811.wav,0
T_1001812.wav,0
T_1001813.wav,0
T_1001814.wav,0
T_1001815.wav,0
T_1001816.wav,0
T_1001817.wav,0
T_1001818.wav,0
T_1001819.wav,0
T_1001820.wav,0
T_1001821.wav,0
T_1001822.wav,0
T_1001823.wav,0
T_1001824.wav,0
T_1001825.wav,0
T_1001826.wav,0
T_1001827.wav,0
T_1001828.wav,0
T_1001829.wav,0
T_1001830.wav,0
T_1001831.wav,0
T_1001832.wav,0
T_1001833.wav,0
T_1001834.wav,0
T_1001835.wav,0
T_1001836.wav,0
T_1001837.wav,0
T_1001838.wav,0
T_1001839.wav,0
T_1001840.wav,0
T_1001841.wav,0
T_1001842.wav,0
T_1001843.wav,0
T_1001844.wav,0
T_1001845.wav,0
T_1001846.wav,0
T_1001847.wav,0
T_1001848.wav,0
T_1001849.wav,0
T_1001850.wav,0
T_1001851.wav,0
T_1001852.wav,0
T_1001853.wav,0
T_1001854.wav,0
T_1001855.wav,0
T_1001856.wav,0
T_1001857.wav,0
T_1001858.wav,0
T_1001859.wav,0
T_1001860.wav,0
T_1001861.wav,0
T_1001862.wav,0
T_1001863.wav,0
T_1001864.wav,0
T_1001865.wav,0
T_1001866.wav,0
T_1001867.wav,0
T_1001868.wav,0
T_1001869.wav,0
T_1001870.wav,0
T_1001871.wav,0
T_1001872.wav,0
T_1001873.wav,0
T_1001874.wav,0
T_1001875.wav,0
T_1001876.wav,0
T_1001877.wav,0
T_1001878.wav,0
T_1001879.wav,0
T_1001880.wav,0
T_1001881.wav,0
T_1001882.wav,0
T_1001883.wav,0
T_1001884.wav,0
T_1001885.wav,0
T_1001886.wav,0
T_1001887.wav,0
T_1001888.wav,0
T_1001889.wav,0
T_1001890.wav,0
T_1001891.wav,0
T_1001892.wav,0
T_1001893.wav,0
T_1001894.wav,0
T_1001895.wav,0
T_1001896.wav,0
T_1001897.wav,0
T_1001898.wav,0
T_1001899.wav,0
T_1001900.wav,0
T_1001901.wav,0
T_1001902.wav,0
T_1001903.wav,0
T_1001904.wav,0
T_1001905.wav,0
T_1001906.wav,0
T_1001907.wav,0
T_1001908.wav,0
T_1001909.wav,0
T_1001910.wav,0
T_1001911.wav,0
T_1001912.wav,0
T_1001913.wav,0
T_1001914.wav,0
T_1001915.wav,0
T_1001916.wav,0
T_1001917.wav,0
T_1001918.wav,0
T_1001919.wav,0
T_1001920.wav,0
T_1001921.wav,0
T_1001922.wav,0
T_1001923.wav,0
T_1001924.wav,0
T_1001925.wav,0
T_1001926.wav,0
T_1001927.wav,0
T_1001928.wav,0
T_1001929.wav,0
T_1001930.wav,0
T_1001931.wav,0
T_1001932.wav,0
T_1001933.wav,0
T_1001934.wav,0
T_1001935.wav,0
T_1001936.wav,0
T_1001937.wav,0
T_1001938.wav,0
T_1001939.wav,0
T_1001940.wav,0
T_1001941.wav,0
T_1001942.wav,0
T_1001943.wav,0
T_1001944.wav,0
T_1001945.wav,0
T_1001946.wav,0
T_1001947.wav,0
T_1001948.wav,0
T_1001949.wav,0
T_1001950.wav,0
T_1001951.wav,0
T_1001952.wav,0
T_1001953.wav,0
T_1001954.wav,0
T_1001955.wav,0
T_1001956.wav,0
T_1001957.wav,0
T_1001958.wav,0
T_1001959.wav,0
T_1001960.wav,0
T_1001961.wav,0
T_1001962.wav,0
T_1001963.wav,0
T_1001964.wav,0
T_1001965.wav,0
T_1001966.wav,0
T_1001967.wav,0
T_1001968.wav,0
T_1001969.wav,0
T_1001970.wav,0
T_1001971.wav,0
T_1001972.wav,0
T_1001973.wav,0
T_1001974.wav,0
T_1001975.wav,0
T_1001976.wav,0
T_1001977.wav,0
T_1001978.wav,0
T_1001979.wav,0
T_1001980.wav,0
T_1001981.wav,0
T_1001982.wav,0
T_1001983.wav,0
T_1001984.wav,0
T_1001985.wav,0
T_1001986.wav,0
T_1001987.wav,0
T_1001988.wav,0
T_1001989.wav,0
T_1001990.wav,0
T_1001991.wav,0
T_1001992.wav,0
T_1001993.wav,0
T_1001994.wav,0
T_1001995.wav,0
T_1001996.wav,0
T_1001997.wav,0
T_1001998.wav,0
T_1001999.wav,0
T_1002000.wav,0
T_1002001.wav,0
T_1002002.wav,0
T_1002003.wav,0
T_1002004.wav,0
T_1002005.wav,0
T_1002006.wav,0
T_1002007.wav,0
T_1002008.wav,0
T_1002009.wav,0
T_1002010.wav,0
T_1002011.wav,0
T_1002012.wav,0
T_1002013.wav,0
T_1002014.wav,0
T_1002015.wav,0
T_1002016.wav,0
T_1002017.wav,0
T_1002018.wav,0
T_1002019.wav,0
T_1002020.wav,0
T_1002021.wav,0
T_1002022.wav,0
T_1002023.wav,0
T_1002024.wav,0
T_1002025.wav,0
T_1002026.wav,0
T_1002027.wav,0
T_1002028.wav,0
T_1002029.wav,0
T_1002030.wav,0
T_1002031.wav,0
T_1002032.wav,0
T_1002033.wav,0
T_1002034.wav,0
T_1002035.wav,0
T_1002036.wav,0
T_1002037.wav,0
T_1002038.wav,0
T_1002039.wav,0
T_1002040.wav,0
T_1002041.wav,0
T_1002042.wav,0
T_1002043.wav,0
T_1002044.wav,0
T_1002045.wav,0
T_1002046.wav,0
T_1002047.wav,0
T_1002048.wav,0
T_1002049.wav,0
T_1002050.wav,0
T_1002051.wav,0
T_1002052.wav,0
T_1002053.wav,0
T_1002054.wav,0
T_1002055.wav,0
T_1002056.wav,0
T_1002057.wav,0
T_1002058.wav,0
T_1002059.wav,0
T_1002060.wav,0
T_1002061.wav,0
T_1002062.wav,0
T_1002063.wav,0
T_1002064.wav,0
T_1002065.wav,0
T_1002066.wav,0
T_1002067.wav,0
T_1002068.wav,0
T_1002069.wav,0
T_1002070.wav,0
T_1002071.wav,0
T_1002072.wav,0
T_1002073.wav,0
T_1002074.wav,0
T_1002075.wav,0
T_1002076.wav,0
T_1002077.wav,0
T_1002078.wav,0
T_1002079.wav,0
T_1002080.wav,0
T_1002081.wav,0
T_1002082.wav,0
T_1002083.wav,0
T_1002084.wav,0
T_1002085.wav,0
T_1002086.wav,0
T_1002087.wav,0
T_1002088.wav,0
T_1002089.wav,0
T_1002090.wav,0
T_1002091.wav,0
T_1002092.wav,0
T_1002093.wav,0
T_1002094.wav,0
T_1002095.wav,0
T_1002096.wav,0
T_1002097.wav,0
T_1002098.wav,0
T_1002099.wav,0
T_1002100.wav,0
T_1002101.wav,0
T_1002102.wav,0
T_1002103.wav,0
T_1002104.wav,0
T_1002105.wav,0
T_1002106.wav,0
T_1002107.wav,0
T_1002108.wav,0
T_1002109.wav,0
T_1002110.wav,0
T_1002111.wav,0
T_1002112.wav,0
T_1002113.wav,0
T_1002114.wav,0
T_1002115.wav,0
T_1002116.wav,0
T_1002117.wav,0
T_1002118.wav,0
T_1002119.wav,0
T_1002120.wav,0
T_1002121.wav,0
T_1002122.wav,0
T_1002123.wav,0
T_1002124.wav,0
T_1002125.wav,0
T_1002126.wav,0
T_1002127.wav,0
T_1002128.wav,0
T_1002129.wav,0
T_1002130.wav,0
T_1002131.wav,0
T_1002132.wav,0
T_1002133.wav,0
T_1002134.wav,0
T_1002135.wav,0
T_1002136.wav,0
T_1002137.wav,0
T_1002138.wav,0
T_1002139.wav,0
T_1002140.wav,0
T_1002141.wav,0
T_1002142.wav,0
T_1002143.wav,0
T_1002144.wav,0
T_1002145.wav,0
T_1002146.wav,0
T_1002147.wav,0
T_1002148.wav,0
T_1002149.wav,0
T_1002150.wav,0
T_1002151.wav,0
T_1002152.wav,0
T_1002153.wav,0
T_1002154.wav,0
T_1002155.wav,0
T_1002156.wav,0
T_1002157.wav,0
T_1002158.wav,0
T_1002159.wav,0
T_1002160.wav,0
T_1002161.wav,0
T_1002162.wav,0
T_1002163.wav,0
T_1002164.wav,0
T_1002165.wav,0
T_1002166.wav,0
T_1002167.wav,0
T_1002168.wav,0
T_1002169.wav,0
T_1002170.wav,0
T_1002171.wav,0
T_1002172.wav,0
T_1002173.wav,0
T_1002174.wav,0
T_1002175.wav,0
T_1002176.wav,0
T_1002177.wav,0
T_1002178.wav,0
T_1002179.wav,0
T_1002180.wav,0
T_1002181.wav,0
T_1002182.wav,0
T_1002183.wav,0
T_1002184.wav,0
T_1002185.wav,0
T_1002186.wav,0
T_1002187.wav,0
T_1002188.wav,0
T_1002189.wav,0
T_1002190.wav,0
T_1002191.wav,0
T_1002192.wav,0
T_1002193.wav,0
T_1002194.wav,0
T_1002195.wav,0
T_1002196.wav,0
T_1002197.wav,0
T_1002198.wav,0
T_1002199.wav,0
T_1002200.wav,0
T_1002201.wav,0
T_1002202.wav,0
T_1002203.wav,0
T_1002204.wav,0
T_1002205.wav,0
T_1002206.wav,0
T_1002207.wav,0
T_1002208.wav,0
T_1002209.wav,0
T_1002210.wav,0
T_1002211.wav,0
T_1002212.wav,0
T_1002213.wav,0
T_1002214.wav,0
T_1002215.wav,0
T_1002216.wav,0
T_1002217.wav,0
T_1002218.wav,0
T_1002219.wav,0
T_1002220.wav,0
T_1002221.wav,0
T_1002222.wav,0
T_1002223.wav,0
T_1002224.wav,0
T_1002225.wav,0
T_1002226.wav,0
T_1002227.wav,0
T_1002228.wav,0
T_1002229.wav,0
T_1002230.wav,0
T_1002231.wav,0
T_1002232.wav,0
T_1002233.wav,0
T_1002234.wav,0
T_1002235.wav,0
T_1002236.wav,0
T_1002237.wav,0
T_1002238.wav,0
T_1002239.wav,0
T_1002240.wav,0
T_1002241.wav,0
T_1002242.wav,0
T_1002243.wav,0
T_1002244.wav,0
T_1002245.wav,0
T_1002246.wav,0
T_1002247.wav,0
T_1002248.wav,0
T_1002249.wav,0
T_1002250.wav,0
T_1002251.wav,0
T_1002252.wav,0
T_1002253.wav,0
T_1002254.wav,0
T_1002255.wav,0
T_1002256.wav,0
T_1002257.wav,0
T_1002258.wav,0
T_1002259.wav,0
T_1002260.wav,0
T_1002261.wav,0
T_1002262.wav,0
T_1002263.wav,0
T_1002264.wav,0
T_1002265.wav,0
T_1002266.wav,0
T_1002267.wav,0
T_1002268.wav,0
T_1002269.wav,0
T_1002270.wav,0
T_1002271.wav,0
T_1002272.wav,0
T_1002273.wav,0
T_1002274.wav,0
T_1002275.wav,0
T_1002276.wav,0
T_1002277.wav,0
T_1002278.wav,0
T_1002279.wav,0
T_1002280.wav,0
T_1002281.wav,0
T_1002282.wav,0
T_1002283.wav,0
T_1002284.wav,0
T_1002285.wav,0
T_1002286.wav,0
T_1002287.wav,0
T_1002288.wav,0
T_1002289.wav,0
T_1002290.wav,0
T_1002291.wav,0
T_1002292.wav,0
T_1002293.wav,0
T_1002294.wav,0
T_1002295.wav,0
T_1002296.wav,0
T_1002297.wav,0
T_1002298.wav,0
T_1002299.wav,0
T_1002300.wav,0
T_1002301.wav,0
T_1002302.wav,0
T_1002303.wav,0
T_1002304.wav,0
T_1002305.wav,0
T_1002306.wav,0
T_1002307.wav,0
T_1002308.wav,0
T_1002309.wav,0
T_1002310.wav,0
T_1002311.wav,0
T_1002312.wav,0
T_1002313.wav,0
T_1002314.wav,0
T_1002315.wav,0
T_1002316.wav,0
T_1002317.wav,0
T_1002318.wav,0
T_1002319.wav,0
T_1002320.wav,0
T_1002321.wav,0
T_1002322.wav,0
T_1002323.wav,0
T_1002324.wav,0
T_1002325.wav,0
T_1002326.wav,0
T_1002327.wav,0
T_1002328.wav,0
T_1002329.wav,0
T_1002330.wav,0
T_1002331.wav,0
T_1002332.wav,0
T_1002333.wav,0
T_1002334.wav,0
T_1002335.wav,0
T_1002336.wav,0
T_1002337.wav,0
T_1002338.wav,0
T_1002339.wav,0
T_1002340.wav,0
T_1002341.wav,0
T_1002342.wav,0
T_1002343.wav,0
T_1002344.wav,0
T_1002345.wav,0
T_1002346.wav,0
T_1002347.wav,0
T_1002348.wav,0
T_1002349.wav,0
T_1002350.wav,0
T_1002351.wav,0
T_1002352.wav,0
T_1002353.wav,0
T_1002354.wav,0
T_1002355.wav,0
T_1002356.wav,0
T_1002357.wav,0
T_1002358.wav,0
T_1002359.wav,0
T_1002360.wav,0
T_1002361.wav,0
T_1002362.wav,0
T_1002363.wav,0
T_1002364.wav,0
T_1002365.wav,0
T_1002366.wav,0
T_1002367.wav,0
T_1002368.wav,0
T_1002369.wav,0
T_1002370.wav,0
T_1002371.wav,0
T_1002372.wav,0
T_1002373.wav,0
T_1002374.wav,0
T_1002375.wav,0
T_1002376.wav,0
T_1002377.wav,0
T_1002378.wav,0
T_1002379.wav,0
T_1002380.wav,0
T_1002381.wav,0
T_1002382.wav,0
T_1002383.wav,0
T_1002384.wav,0
T_1002385.wav,0
T_1002386.wav,0
T_1002387.wav,0
T_1002388.wav,0
T_1002389.wav,0
T_1002390.wav,0
T_1002391.wav,0
T_1002392.wav,0
T_1002393.wav,0
T_1002394.wav,0
T_1002395.wav,0
T_1002396.wav,0
T_1002397.wav,0
T_1002398.wav,0
T_1002399.wav,0
T_1002400.wav,0
T_1002401.wav,0
T_1002402.wav,0
T_1002403.wav,0
T_1002404.wav,0
T_1002405.wav,0
T_1002406.wav,0
T_1002407.wav,0
T_1002408.wav,0
T_1002409.wav,0
T_1002410.wav,0
T_1002411.wav,0
T_1002412.wav,0
T_1002413.wav,0
T_1002414.wav,0
T_1002415.wav,0
T_1002416.wav,0
T_1002417.wav,0
T_1002418.wav,0
T_1002419.wav,0
T_1002420.wav,0
T_1002421.wav,0
T_1002422.wav,0
T_1002423.wav,0
T_1002424.wav,0
T_1002425.wav,0
T_1002426.wav,0
T_1002427.wav,0
T_1002428.wav,0
T_1002429.wav,0
T_1002430.wav,0
T_1002431.wav,0
T_1002432.wav,0
T_1002433.wav,0
T_1002434.wav,0
T_1002435.wav,0
T_1002436.wav,0
T_1002437.wav,0
T_1002438.wav,0
T_1002439.wav,0
T_1002440.wav,0
T_1002441.wav,0
T_1002442.wav,0
T_1002443.wav,0
T_1002444.wav,0
T_1002445.wav,0
T_1002446.wav,0
T_1002447.wav,0
T_1002448.wav,0
T_1002449.wav,0
T_1002450.wav,0
T_1002451.wav,0
T_1002452.wav,0
T_1002453.wav,0
T_1002454.wav,0
T_1002455.wav,0
T_1002456.wav,0
T_1002457.wav,0
T_1002458.wav,0
T_1002459.wav,0
T_1002460.wav,0
T_1002461.wav,0
T_1002462.wav,0
T_1002463.wav,0
T_1002464.wav,0
T_1002465.wav,0
T_1002466.wav,0
T_1002467.wav,0
T_1002468.wav,0
T_1002469.wav,0
T_1002470.wav,0
T_1002471.wav,0
T_1002472.wav,0
T_1002473.wav,0
T_1002474.wav,0
T_1002475.wav,0
T_1002476.wav,0
T_1002477.wav,0
T_1002478.wav,0
T_1002479.wav,0
T_1002480.wav,0
T_1002481.wav,0
T_1002482.wav,0
T_1002483.wav,0
T_1002484.wav,0
T_1002485.wav,0
T_1002486.wav,0
T_1002487.wav,0
T_1002488.wav,0
T_1002489.wav,0
T_1002490.wav,0
T_1002491.wav,0
T_1002492.wav,0
T_1002493.wav,0
T_1002494.wav,0
T_1002495.wav,0
T_1002496.wav,0
T_1002497.wav,0
T_1002498.wav,0
T_1002499.wav,0
T_1002500.wav,0
T_1002501.wav,0
T_1002502.wav,0
T_1002503.wav,0
T_1002504.wav,0
T_1002505.wav,0
T_1002506.wav,0
T_1002507.wav,0
T_1002508.wav,0
T_1002509.wav,0
T_1002510.wav,0
T_1002511.wav,0
T_1002512.wav,0
T_1002513.wav,0
T_1002514.wav,0
T_1002515.wav,0
T_1002516.wav,0
T_1002517.wav,0
T_1002518.wav,0
T_1002519.wav,0
T_1002520.wav,0
T_1002521.wav,0
T_1002522.wav,0
T_1002523.wav,0
T_1002524.wav,0
T_1002525.wav,0
T_1002526.wav,0
T_1002527.wav,0
T_1002528.wav,0
T_1002529.wav,0
T_1002530.wav,0
T_1002531.wav,0
T_1002532.wav,0
T_1002533.wav,0
T_1002534.wav,0
T_1002535.wav,0
T_1002536.wav,0
T_1002537.wav,0
T_1002538.wav,0
T_1002539.wav,0
T_1002540.wav,0
T_1002541.wav,0
T_1002542.wav,0
T_1002543.wav,0
T_1002544.wav,0
T_1002545.wav,0
T_1002546.wav,0
T_1002547.wav,0
T_1002548.wav,0
T_1002549.wav,0
T_1002550.wav,0
T_1002551.wav,0
T_1002552.wav,0
T_1002553.wav,0
T_1002554.wav,0
T_1002555.wav,0
T_1002556.wav,0
T_1002557.wav,0
T_1002558.wav,0
T_1002559.wav,0
T_1002560.wav,0
T_1002561.wav,0
T_1002562.wav,0
T_1002563.wav,0
T_1002564.wav,0
T_1002565.wav,0
T_1002566.wav,0
T_1002567.wav,0
T_1002568.wav,0
T_1002569.wav,0
T_1002570.wav,0
T_1002571.wav,0
T_1002572.wav,0
T_1002573.wav,0
T_1002574.wav,0
T_1002575.wav,0
T_1002576.wav,0
T_1002577.wav,0
T_1002578.wav,0
T_1002579.wav,0
T_1002580.wav,0
T_1002581.wav,0
T_1002582.wav,0
T_1002583.wav,0
T_1002584.wav,0
T_1002585.wav,0
T_1002586.wav,0
T_1002587.wav,0
T_1002588.wav,0
T_1002589.wav,0
T_1002590.wav,0
T_1002591.wav,0
T_1002592.wav,0
T_1002593.wav,0
T_1002594.wav,0
T_1002595.wav,0
T_1002596.wav,0
T_1002597.wav,0
T_1002598.wav,0
T_1002599.wav,0
T_1002600.wav,0
T_1002601.wav,0
T_1002602.wav,0
T_1002603.wav,0
T_1002604.wav,0
T_1002605.wav,0
T_1002606.wav,0
T_1002607.wav,0
T_1002608.wav,0
T_1002609.wav,0
T_1002610.wav,0
T_1002611.wav,0
T_1002612.wav,0
T_1002613.wav,0
T_1002614.wav,0
T_1002615.wav,0
T_1002616.wav,0
T_1002617.wav,0
T_1002618.wav,0
T_1002619.wav,0
T_1002620.wav,0
T_1002621.wav,0
T_1002622.wav,0
T_1002623.wav,0
T_1002624.wav,0
T_1002625.wav,0
T_1002626.wav,0
T_1002627.wav,0
T_1002628.wav,0
T_1002629.wav,0
T_1002630.wav,0
T_1002631.wav,0
T_1002632.wav,0
T_1002633.wav,0
T_1002634.wav,0
T_1002635.wav,0
T_1002636.wav,0
T_1002637.wav,0
T_1002638.wav,0
T_1002639.wav,0
T_1002640.wav,0
T_1002641.wav,0
T_1002642.wav,0
T_1002643.wav,0
T_1002644.wav,0
T_1002645.wav,0
T_1002646.wav,0
T_1002647.wav,0
T_1002648.wav,0
T_1002649.wav,0
T_1002650.wav,0
T_1002651.wav,0
T_1002652.wav,0
T_1002653.wav,0
T_1002654.wav,0
T_1002655.wav,0
T_1002656.wav,0
T_1002657.wav,0
T_1002658.wav,0
T_1002659.wav,0
T_1002660.wav,0
T_1002661.wav,0
T_1002662.wav,0
T_1002663.wav,0
T_1002664.wav,0
T_1002665.wav,0
T_1002666.wav,0
T_1002667.wav,0
T_1002668.wav,0
T_1002669.wav,0
T_1002670.wav,0
T_1002671.wav,0
T_1002672.wav,0
T_1002673.wav,0
T_1002674.wav,0
T_1002675.wav,0
T_1002676.wav,0
T_1002677.wav,0
T_1002678.wav,0
T_1002679.wav,0
T_1002680.wav,0
T_1002681.wav,0
T_1002682.wav,0
T_1002683.wav,0
T_1002684.wav,0
T_1002685.wav,0
T_1002686.wav,0
T_1002687.wav,0
T_1002688.wav,0
T_1002689.wav,0
T_1002690.wav,0
T_1002691.wav,0
T_1002692.wav,0
T_1002693.wav,0
T_1002694.wav,0
T_1002695.wav,0
T_1002696.wav,0
T_1002697.wav,0
T_1002698.wav,0
T_1002699.wav,0
T_1002700.wav,0
T_1002701.wav,0
T_1002702.wav,0
T_1002703.wav,0
T_1002704.wav,0
T_1002705.wav,0
T_1002706.wav,0
T_1002707.wav,0
T_1002708.wav,0
T_1002709.wav,0
T_1002710.wav,0
T_1002711.wav,0
T_1002712.wav,0
T_1002713.wav,0
T_1002714.wav,0
T_1002715.wav,0
T_1002716.wav,0
T_1002717.wav,0
T_1002718.wav,0
T_1002719.wav,0
T_1002720.wav,0
T_1002721.wav,0
T_1002722.wav,0
T_1002723.wav,0
T_1002724.wav,0
T_1002725.wav,0
T_1002726.wav,0
T_1002727.wav,0
T_1002728.wav,0
T_1002729.wav,0
T_1002730.wav,0
T_1002731.wav,0
T_1002732.wav,0
T_1002733.wav,0
T_1002734.wav,0
T_1002735.wav,0
T_1002736.wav,0
T_1002737.wav,0
T_1002738.wav,0
T_1002739.wav,0
T_1002740.wav,0
T_1002741.wav,0
T_1002742.wav,0
T_1002743.wav,0
T_1002744.wav,0
T_1002745.wav,0
T_1002746.wav,0
T_1002747.wav,0
T_1002748.wav,0
T_1002749.wav,0
T_1002750.wav,0
T_1002751.wav,0
T_1002752.wav,0
T_1002753.wav,0
T_1002754.wav,0
T_1002755.wav,0
T_1002756.wav,0
T_1002757.wav,0
T_1002758.wav,0
T_1002759.wav,0
T_1002760.wav,0
T_1002761.wav,0
T_1002762.wav,0
T_1002763.wav,0
T_1002764.wav,0
T_1002765.wav,0
T_1002766.wav,0
T_1002767.wav,0
T_1002768.wav,0
T_1002769.wav,0
T_1002770.wav,0
T_1002771.wav,0
T_1002772.wav,0
T_1002773.wav,0
T_1002774.wav,0
T_1002775.wav,0
T_1002776.wav,0
T_1002777.wav,0
T_1002778.wav,0
T_1002779.wav,0
T_1002780.wav,0
T_1002781.wav,0
T_1002782.wav,0
T_1002783.wav,0
T_1002784.wav,0
T_1002785.wav,0
T_1002786.wav,0
T_1002787.wav,0
T_1002788.wav,0
T_1002789.wav,0
T_1002790.wav,0
T_1002791.wav,0
T_1002792.wav,0
T_1002793.wav,0
T_1002794.wav,0
T_1002795.wav,0
T_1002796.wav,0
T_1002797.wav,0
T_1002798.wav,0
T_1002799.wav,0
T_1002800.wav,0
T_1002801.wav,0
T_1002802.wav,0
T_1002803.wav,0
T_1002804.wav,0
T_1002805.wav,0
T_1002806.wav,0
T_1002807.wav,0
T_1002808.wav,0
T_1002809.wav,0
T_1002810.wav,0
T_1002811.wav,0
T_1002812.wav,0
T_1002813.wav,0
T_1002814.wav,0
T_1002815.wav,0
T_1002816.wav,0
T_1002817.wav,0
T_1002818.wav,0
T_1002819.wav,0
T_1002820.wav,0
T_1002821.wav,0
T_1002822.wav,0
T_1002823.wav,0
T_1002824.wav,0
T_1002825.wav,0
T_1002826.wav,0
T_1002827.wav,0
T_1002828.wav,0
T_1002829.wav,0
T_1002830.wav,0
T_1002831.wav,0
T_1002832.wav,0
T_1002833.wav,0
T_1002834.wav,0
T_1002835.wav,0
T_1002836.wav,0
T_1002837.wav,0
T_1002838.wav,0
T_1002839.wav,0
T_1002840.wav,0
T_1002841.wav,0
T_1002842.wav,0
T_1002843.wav,0
T_1002844.wav,0
T_1002845.wav,0
T_1002846.wav,0
T_1002847.wav,0
T_1002848.wav,0
T_1002849.wav,0
T_1002850.wav,0
T_1002851.wav,0
T_1002852.wav,0
T_1002853.wav,0
T_1002854.wav,0
T_1002855.wav,0
T_1002856.wav,0
T_1002857.wav,0
T_1002858.wav,0
T_1002859.wav,0
T_1002860.wav,0
T_1002861.wav,0
T_1002862.wav,0
T_1002863.wav,0
T_1002864.wav,0
T_1002865.wav,0
T_1002866.wav,0
T_1002867.wav,0
T_1002868.wav,0
T_1002869.wav,0
T_1002870.wav,0
T_1002871.wav,0
T_1002872.wav,0
T_1002873.wav,0
T_1002874.wav,0
T_1002875.wav,0
T_1002876.wav,0
T_1002877.wav,0
T_1002878.wav,0
T_1002879.wav,0
T_1002880.wav,0
T_1002881.wav,0
T_1002882.wav,0
T_1002883.wav,0
T_1002884.wav,0
T_1002885.wav,0
T_1002886.wav,0
T_1002887.wav,0
T_1002888.wav,0
T_1002889.wav,0
T_1002890.wav,0
T_1002891.wav,0
T_1002892.wav,0
T_1002893.wav,0
T_1002894.wav,0
T_1002895.wav,0
T_1002896.wav,0
T_1002897.wav,0
T_1002898.wav,0
T_1002899.wav,0
T_1002900.wav,0
T_1002901.wav,0
T_1002902.wav,0
T_1002903.wav,0
T_1002904.wav,0
T_1002905.wav,0
T_1002906.wav,0
T_1002907.wav,0
T_1002908.wav,0
T_1002909.wav,0
T_1002910.wav,0
T_1002911.wav,0
T_1002912.wav,0
T_1002913.wav,0
T_1002914.wav,0
T_1002915.wav,0
T_1002916.wav,0
T_1002917.wav,0
T_1002918.wav,0
T_1002919.wav,0
T_1002920.wav,0
T_1002921.wav,0
T_1002922.wav,0
T_1002923.wav,0
T_1002924.wav,0
T_1002925.wav,0
T_1002926.wav,0
T_1002927.wav,0
T_1002928.wav,0
T_1002929.wav,0
T_1002930.wav,0
T_1002931.wav,0
T_1002932.wav,0
T_1002933.wav,0
T_1002934.wav,0
T_1002935.wav,0
T_1002936.wav,0
T_1002937.wav,0
T_1002938.wav,0
T_1002939.wav,0
T_1002940.wav,0
T_1002941.wav,0
T_1002942.wav,0
T_1002943.wav,0
T_1002944.wav,0
T_1002945.wav,0
T_1002946.wav,0
T_1002947.wav,0
T_1002948.wav,0
T_1002949.wav,0
T_1002950.wav,0
T_1002951.wav,0
T_1002952.wav,0
T_1002953.wav,0
T_1002954.wav,0
T_1002955.wav,0
T_1002956.wav,0
T_1002957.wav,0
T_1002958.wav,0
T_1002959.wav,0
T_1002960.wav,0
T_1002961.wav,0
T_1002962.wav,0
T_1002963.wav,0
T_1002964.wav,0
T_1002965.wav,0
T_1002966.wav,0
T_1002967.wav,0
T_1002968.wav,0
T_1002969.wav,0
T_1002970.wav,0
T_1002971.wav,0
T_1002972.wav,0
T_1002973.wav,0
T_1002974.wav,0
T_1002975.wav,0
T_1002976.wav,0
T_1002977.wav,0
T_1002978.wav,0
T_1002979.wav,0
T_1002980.wav,0
T_1002981.wav,0
T_1002982.wav,0
T_1002983.wav,0
T_1002984.wav,0
T_1002985.wav,0
T_1002986.wav,0
T_1002987.wav,0
T_1002988.wav,0
T_1002989.wav,0
T_1002990.wav,0
T_1002991.wav,0
T_1002992.wav,0
T_1002993.wav,0
T_1002994.wav,0
T_1002995.wav,0
T_1002996.wav,0
T_1002997.wav,0
T_1002998.wav,0
T_1002999.wav,0
T_1003000.wav,0
T_1003001.wav,0
T_1003002.wav,0
T_1003003.wav,0
T_1003004.wav,0
T_1003005.wav,0
T_1003006.wav,0
T_1003007.wav,0
T_1003008.wav,0
T_1003009.wav,0
T_1003010.wav,0
T_1003011.wav,0
T_1003012.wav,0
T_1003013.wav,0
T_1003014.wav,0
T_1003015.wav,0
T_1003016.wav,0
